<!--
    Input:
        frameworks/av/media/mediaserver/manifest_media_c2_software.xml
-->
<manifest version="8.0" type="framework">
    <hal format="hidl" max-level="8">
        <name>android.hardware.media.c2</name>
        <transport>hwbinder</transport>
        <fqname>@1.2::IComponentStore/software</fqname>
        <fqname>@1.2::IComponentStore/vivocodec</fqname>
    </hal>
    <hal format="aidl">
        <name>android.hardware.media.c2</name>
        <fqname>IComponentStore/software</fqname>
        <fqname>IComponentStore/vivocodec</fqname>
    </hal>
</manifest>
