<?xml version="1.0" encoding="utf-8"?>
<last_hash>
	<item type="file" tag="/mnt/vendor/persist/display/display_3dLut.json" value="2303494025c2d9d14fdd3a40aa070d08effed36e6559fac1fada3a1416147126" />
	<item type="file" tag="/mnt/vendor/persist/camera/dual_calibration_ret4" value="d74ff0ee8da3b9806b18c877dbf29bbde50b5bd8e4dad7a3a725000feb82e8f1" />
	<item type="file" tag="/mnt/vendor/persist/camera/dual_calibration_result4" value="e7940d6079b2fca4a0738eb7cfe5fa970b7a9f9fc8035218d9541a0581ef3ebb" />
	<item type="file" tag="/mnt/vendor/persist/camera/dual_calibration_ret6" value="d74ff0ee8da3b9806b18c877dbf29bbde50b5bd8e4dad7a3a725000feb82e8f1" />
	<item type="file" tag="/mnt/vendor/persist/camera/dual_calibration_result6" value="260ff2223ae1def50306b94bccebe37633a975d028222d214cf77bbdf04bac53" />
	<item type="backup" tag="als_cali_data" value="000001ff" />
	<item type="backup" tag="als_cali_flag" value="00000001" />
	<item type="backup" tag="als_cali_ver" value="000000314c303030562e3031572e35312e392e302e35315f415f343634324450" />
	<item type="backup" tag="ps_cali_data" value="00000f0d" />
	<item type="backup" tag="ps_cali_data_short" value="00000000" />
	<item type="backup" tag="ps_cali_flag" value="00000001" />
	<item type="backup" tag="ps_cali_offset" value="00000000" />
	<item type="backup" tag="ps_cali_offset_data" value="0000000000000000" />
	<item type="backup" tag="gs_cali_dataX" value="00000009" />
	<item type="backup" tag="gs_cali_dataY" value="fffffffb" />
	<item type="backup" tag="gs_cali_dataZ" value="00000002" />
	<item type="backup" tag="gsensor_calibration_flag" value="00000001" />
	<item type="backup" tag="ultra_sound_flag" value="00000001" />
	<item type="backup" tag="ultra_sound_nearfar" value="00000000000000000000000000000000" />
	<item type="backup" tag="theme_color" value="0000000000000000003430726f6c6f63" />
	<item type="backup" tag="special_product" value="00000000" />
</last_hash>
